{"cameraMode":{"drawMode":0,"name":"Shaded","section":"Shading Mode"},"sceneLighting":true,"audioPlay":false,"sceneViewState":{"showFog":true,"showMaterialUpdate":true,"showSkybox":true,"showFlares":true,"showImageEffects":true,"showParticleSystems":true},"in2DMode":false,"pivot":{"x":8.10801887512207,"y":12.158312797546387,"z":50.52875518798828},"rotation":{"x":0.01617046445608139,"y":0.9274150729179382,"z":-0.04036790877580643,"w":0.371497243642807},"size":19.174545288085939,"orthographic":false}