{"cameraMode":{"drawMode":0,"name":"Shaded","section":"Shading Mode"},"sceneLighting":true,"audioPlay":false,"sceneViewState":{"showFog":true,"showMaterialUpdate":true,"showSkybox":true,"showFlares":true,"showImageEffects":true,"showParticleSystems":true},"in2DMode":false,"pivot":{"x":1.5435175895690919,"y":18.486541748046876,"z":0.09416000545024872},"rotation":{"x":0.03770757466554642,"y":-0.6900818943977356,"z":-0.036048173904418948,"w":-0.7218488454818726},"size":6.046674728393555,"orthographic":false}